Kolster,Matt,A,2020-12-12,Cameron Collins,Leonard Anderson
Kolster,Matthew,A,2020-12-12
Kolster,Matt,A,2000-12-12,Allison Ackers,James Seliman
Jones,Jimmy,J,2003-01-01,Cameron Collins,Leonard Anderson
Jimmy,Hello,R,2014-01-01
Jones,Mark,K,1998-01-14,Cameron Collins,James Seliman
Jordan,James,P,1948-05-01,,Sarah Carlisle
Jordan,John,P,2012-04-01,Allison Ackers,James Seliman
Jones,Jim,J,2000-12-12,Cameron Collins,Leonard Anderson
Jones,Jim,J,2000-02-02
Jim,Jim,P,2000-12-12
Matt,Matt,M,2323-02-03,Cameron Collins,Sarah Carlisle
Smith,Jjohn,P,2000-01-01,Diego Donner,Sarah Carlisle
Johnson,Kyle,P,2000-01-01,Diego Donner,Leonard Anderson
Stevens,Jim,P,2030-10-12,Diego Donner,Leonard Anderson
Stevens,Pamela,J,2030-10-12,Cameron Collins,Leonard Anderson
Johnson,John,J,2000-12-09,Diego Donner,
Smithy,John,P,2000-01-01,Diego Donner,Leonard Anderson
